timestamp,type,key,latency_ms,version,stale
2026-04-03T16:41:32.122529-04:00,read,key7,3.399,94,false
2026-04-03T16:41:32.122422-04:00,read,key7,4.351,94,false
2026-04-03T16:41:32.122522-04:00,read,key7,4.340,94,false
2026-04-03T16:41:32.122453-04:00,read,key5,5.413,95,false
2026-04-03T16:41:32.12243-04:00,read,key0,5.584,106,false
2026-04-03T16:41:32.12678-04:00,read,key7,3.336,94,false
2026-04-03T16:41:32.130138-04:00,read,key4,0.779,105,false
2026-04-03T16:41:32.130937-04:00,read,key2,0.532,75,false
2026-04-03T16:41:32.131472-04:00,read,key5,0.398,97,false
2026-04-03T16:41:32.131877-04:00,read,key4,0.512,105,false
2026-04-03T16:41:32.132393-04:00,read,key0,0.478,106,false
2026-04-03T16:41:32.132874-04:00,read,key0,0.393,106,false
2026-04-03T16:41:32.122512-04:00,write,key0,622.896,107,false
2026-04-03T16:41:32.133272-04:00,write,key5,612.184,99,false
2026-04-03T16:41:32.122495-04:00,write,key3,622.976,106,false
2026-04-03T16:41:32.122483-04:00,write,key3,622.960,107,false
2026-04-03T16:41:32.126871-04:00,write,key9,619.005,92,false
2026-04-03T16:41:32.122456-04:00,write,key5,623.413,98,false
2026-04-03T16:41:32.128022-04:00,write,key8,618.002,110,false
2026-04-03T16:41:32.125949-04:00,write,key1,620.128,85,false
2026-04-03T16:41:32.122463-04:00,write,key1,623.615,84,false
2026-04-03T16:41:32.127905-04:00,write,key8,618.210,111,false
2026-04-03T16:41:32.745498-04:00,read,key3,1.543,107,false
2026-04-03T16:41:32.746095-04:00,read,key7,1.867,94,false
2026-04-03T16:41:32.746082-04:00,read,key2,2.227,76,false
2026-04-03T16:41:32.747987-04:00,read,key6,1.027,94,false
2026-04-03T16:41:32.749035-04:00,read,key9,0.495,91,true
2026-04-03T16:41:32.747072-04:00,write,key3,613.463,109,false
2026-04-03T16:41:32.745532-04:00,write,key3,616.367,108,false
2026-04-03T16:41:32.746206-04:00,write,key4,615.789,108,false
2026-04-03T16:41:32.748329-04:00,write,key5,613.726,101,false
2026-04-03T16:41:32.746032-04:00,write,key5,616.274,100,false
2026-04-03T16:41:32.745504-04:00,write,key4,616.873,106,false
2026-04-03T16:41:32.749546-04:00,write,key5,612.959,102,false
2026-04-03T16:41:32.745895-04:00,write,key4,616.761,109,false
2026-04-03T16:41:32.745894-04:00,write,key4,616.774,107,false
2026-04-03T16:41:32.745499-04:00,write,key9,617.298,93,false
2026-04-03T16:41:33.360622-04:00,read,key4,5.866,105,true
2026-04-03T16:41:33.361945-04:00,read,key2,5.702,76,false
2026-04-03T16:41:33.362114-04:00,read,key2,6.656,76,false
2026-04-03T16:41:33.362517-04:00,read,key5,8.185,101,true
2026-04-03T16:41:33.36771-04:00,read,key3,3.018,109,false
2026-04-03T16:41:33.366521-04:00,read,key8,4.183,110,true
2026-04-03T16:41:33.368796-04:00,read,key1,2.280,84,true
2026-04-03T16:41:33.370726-04:00,read,key9,1.341,92,true
2026-04-03T16:41:33.370741-04:00,read,key4,1.325,105,true
2026-04-03T16:41:33.370739-04:00,read,key8,1.350,111,false
2026-04-03T16:41:33.371112-04:00,read,key4,1.423,105,true
2026-04-03T16:41:33.372086-04:00,read,key2,0.693,76,false
2026-04-03T16:41:33.372102-04:00,read,key1,0.717,84,true
2026-04-03T16:41:33.372827-04:00,read,key4,0.568,105,true
2026-04-03T16:41:33.373408-04:00,read,key7,0.753,94,false
2026-04-03T16:41:33.362391-04:00,write,key1,614.070,86,false
2026-04-03T16:41:33.362713-04:00,write,key5,613.775,104,false
2026-04-03T16:41:33.362715-04:00,write,key5,613.774,103,false
2026-04-03T16:41:33.362811-04:00,write,key1,613.747,87,false
2026-04-03T16:41:33.362337-04:00,write,key6,614.252,95,false
2026-04-03T16:41:33.362052-04:00,write,key0,614.682,108,false
2026-04-03T16:41:33.976576-04:00,read,key4,0.711,106,true
2026-04-03T16:41:33.976498-04:00,read,key0,0.808,108,false
2026-04-03T16:41:33.977315-04:00,read,key5,0.298,101,true
2026-04-03T16:41:33.977621-04:00,read,key0,0.220,107,true
2026-04-03T16:41:33.977848-04:00,read,key5,0.302,103,true
2026-04-03T16:41:33.978169-04:00,read,key4,0.392,108,true
2026-04-03T16:41:33.372795-04:00,write,key8,610.460,112,false
2026-04-03T16:41:33.374183-04:00,write,key7,609.089,95,false
2026-04-03T16:41:33.372114-04:00,write,key6,611.175,96,false
2026-04-03T16:41:33.372555-04:00,write,key3,610.767,110,false
2026-04-03T16:41:33.98328-04:00,read,key4,0.560,107,true
2026-04-03T16:41:33.983852-04:00,read,key4,0.549,108,true
2026-04-03T16:41:33.983287-04:00,write,key4,613.244,110,false
2026-04-03T16:41:33.984418-04:00,write,key7,612.076,98,false
2026-04-03T16:41:34.596616-04:00,read,key9,0.921,93,false
2026-04-03T16:41:34.597569-04:00,read,key3,0.787,110,false
2026-04-03T16:41:34.598387-04:00,read,key1,0.648,86,true
2026-04-03T16:41:33.978576-04:00,write,key3,643.509,112,false
2026-04-03T16:41:33.976744-04:00,write,key2,645.341,77,false
2026-04-03T16:41:33.983315-04:00,write,key7,639.001,97,false
2026-04-03T16:41:33.977307-04:00,write,key0,645.239,109,false
2026-04-03T16:41:33.976508-04:00,write,key7,646.126,96,false
2026-04-03T16:41:33.976611-04:00,write,key3,646.100,111,false
2026-04-03T16:41:33.983331-04:00,write,key3,639.404,113,false
2026-04-03T16:41:33.976546-04:00,write,key1,646.467,88,false
2026-04-03T16:41:34.622162-04:00,read,key0,4.785,108,true
2026-04-03T16:41:34.622228-04:00,read,key9,4.757,93,false
2026-04-03T16:41:34.622773-04:00,read,key8,4.220,112,false
2026-04-03T16:41:34.623033-04:00,read,key0,4.028,109,false
2026-04-03T16:41:34.622359-04:00,read,key1,4.931,88,false
2026-04-03T16:41:34.622676-04:00,read,key3,4.691,113,false
2026-04-03T16:41:34.596635-04:00,write,key9,618.619,94,false
2026-04-03T16:41:34.599071-04:00,write,key9,616.182,95,false
2026-04-03T16:41:35.215345-04:00,read,key2,2.163,77,false
2026-04-03T16:41:35.215345-04:00,read,key6,2.206,96,false
2026-04-03T16:41:35.217576-04:00,read,key5,1.127,107,false
2026-04-03T16:41:34.627306-04:00,write,key1,609.977,89,false
2026-04-03T16:41:34.622606-04:00,write,key5,614.738,105,false
2026-04-03T16:41:34.627081-04:00,write,key4,610.640,112,false
2026-04-03T16:41:34.622754-04:00,write,key4,615.111,111,false
2026-04-03T16:41:34.627014-04:00,write,key8,610.965,113,false
2026-04-03T16:41:34.627392-04:00,write,key5,610.665,107,false
2026-04-03T16:41:34.627014-04:00,write,key9,611.526,96,false
2026-04-03T16:41:34.627014-04:00,write,key5,611.565,106,false
2026-04-03T16:41:35.237329-04:00,read,key9,3.385,96,false
2026-04-03T16:41:35.238567-04:00,read,key4,3.595,110,true
2026-04-03T16:41:35.23861-04:00,read,key5,3.635,106,true
2026-04-03T16:41:35.240744-04:00,read,key2,2.398,77,false
2026-04-03T16:41:35.218764-04:00,write,key3,614.596,114,false
2026-04-03T16:41:35.217578-04:00,write,key6,615.842,97,false
2026-04-03T16:41:35.833459-04:00,read,key0,1.875,109,false
2026-04-03T16:41:35.835373-04:00,read,key7,0.973,101,false
2026-04-03T16:41:35.836367-04:00,read,key7,1.139,97,true
2026-04-03T16:41:35.837527-04:00,read,key9,0.867,96,false
2026-04-03T16:41:35.242192-04:00,write,key7,629.370,100,false
2026-04-03T16:41:35.237382-04:00,write,key7,634.163,99,false
2026-04-03T16:41:35.237784-04:00,write,key8,633.813,114,false
2026-04-03T16:41:35.242281-04:00,write,key2,629.423,78,false
2026-04-03T16:41:35.237887-04:00,write,key9,633.814,97,false
2026-04-03T16:41:35.238144-04:00,write,key6,633.401,98,false
2026-04-03T16:41:35.238006-04:00,write,key4,634.133,113,false
2026-04-03T16:41:35.243165-04:00,write,key7,629.015,101,false
2026-04-03T16:41:35.871754-04:00,read,key9,4.944,96,true
2026-04-03T16:41:35.871668-04:00,read,key1,5.118,89,false
2026-04-03T16:41:35.871589-04:00,read,key0,5.233,109,false
2026-04-03T16:41:35.872218-04:00,read,key7,4.596,101,false
2026-04-03T16:41:35.871589-04:00,read,key1,5.259,89,false
2026-04-03T16:41:35.87689-04:00,read,key9,1.668,96,true
2026-04-03T16:41:35.876806-04:00,read,key2,1.731,77,true
2026-04-03T16:41:35.876872-04:00,read,key1,1.741,89,false
2026-04-03T16:41:35.876727-04:00,read,key7,1.894,97,true
2026-04-03T16:41:35.876841-04:00,read,key9,1.699,97,false
2026-04-03T16:41:35.87181-04:00,read,key1,6.880,89,false
2026-04-03T16:41:35.878631-04:00,read,key8,2.110,113,true
2026-04-03T16:41:35.878736-04:00,read,key9,2.150,96,true
2026-04-03T16:41:35.83843-04:00,write,key1,608.415,90,false
2026-04-03T16:41:35.83346-04:00,write,key7,613.385,102,false
2026-04-03T16:41:36.446953-04:00,read,key2,1.563,78,false
2026-04-03T16:41:36.448558-04:00,read,key0,0.986,109,false
2026-04-03T16:41:35.880767-04:00,write,key0,616.150,111,false
2026-04-03T16:41:35.872168-04:00,write,key3,624.816,115,false
2026-04-03T16:41:35.878602-04:00,write,key2,618.433,79,false
2026-04-03T16:41:35.878587-04:00,write,key4,618.579,115,false
2026-04-03T16:41:35.880906-04:00,write,key8,616.283,116,false
2026-04-03T16:41:35.87177-04:00,write,key4,625.620,114,false
2026-04-03T16:41:35.878689-04:00,write,key0,618.774,110,false
2026-04-03T16:41:35.878642-04:00,write,key8,618.969,115,false
2026-04-03T16:41:36.49719-04:00,read,key2,3.145,79,false
2026-04-03T16:41:36.497417-04:00,read,key3,2.917,114,true
2026-04-03T16:41:36.500363-04:00,read,key2,1.382,78,true
2026-04-03T16:41:36.500363-04:00,read,key0,1.576,109,true
2026-04-03T16:41:36.501782-04:00,read,key5,1.241,107,false
2026-04-03T16:41:36.501963-04:00,read,key5,1.563,106,true
2026-04-03T16:41:36.446949-04:00,write,key8,611.543,117,false
2026-04-03T16:41:36.44958-04:00,write,key3,608.995,116,false
2026-04-03T16:41:37.058584-04:00,read,key4,1.559,116,false
2026-04-03T16:41:36.497026-04:00,write,key2,622.661,80,false
2026-04-03T16:41:36.497219-04:00,write,key2,622.572,81,false
2026-04-03T16:41:36.503054-04:00,write,key4,616.736,116,false
2026-04-03T16:41:36.503549-04:00,write,key9,616.272,98,false
2026-04-03T16:41:36.497639-04:00,write,key6,622.541,99,false
2026-04-03T16:41:36.497021-04:00,write,key7,623.439,103,false
2026-04-03T16:41:36.497149-04:00,write,key3,623.434,117,false
2026-04-03T16:41:36.497497-04:00,write,key5,623.185,108,false
2026-04-03T16:41:37.119754-04:00,read,key6,5.012,98,true
2026-04-03T16:41:37.120603-04:00,read,key0,4.554,110,true
2026-04-03T16:41:37.125178-04:00,read,key8,1.499,117,false
2026-04-03T16:41:37.060228-04:00,write,key8,614.674,118,false
2026-04-03T16:41:37.058634-04:00,write,key5,616.358,109,false
2026-04-03T16:41:37.126742-04:00,write,key3,622.977,118,false
2026-04-03T16:41:37.12025-04:00,write,key4,629.470,117,false
2026-04-03T16:41:37.119832-04:00,write,key6,629.887,101,false
2026-04-03T16:41:37.120708-04:00,write,key6,629.046,100,false
2026-04-03T16:41:37.124805-04:00,write,key4,625.228,118,false
2026-04-03T16:41:37.119927-04:00,write,key2,630.125,82,false
2026-04-03T16:41:37.119895-04:00,write,key0,630.139,112,false
2026-04-03T16:41:37.120494-04:00,write,key8,629.559,119,false
2026-04-03T16:41:37.749925-04:00,read,key9,4.048,98,false
2026-04-03T16:41:37.749778-04:00,read,key8,4.456,119,false
2026-04-03T16:41:37.750128-04:00,read,key7,5.392,103,false
2026-04-03T16:41:37.750049-04:00,read,key3,7.582,118,false
2026-04-03T16:41:37.675043-04:00,write,key9,611.303,99,false
2026-04-03T16:41:37.675043-04:00,write,key8,611.746,120,false
2026-04-03T16:41:38.286798-04:00,read,key8,0.756,119,true
2026-04-03T16:41:38.286382-04:00,read,key4,1.177,118,false
2026-04-03T16:41:37.754603-04:00,write,key1,620.822,91,false
2026-04-03T16:41:37.750194-04:00,write,key8,625.362,121,false
2026-04-03T16:41:37.754021-04:00,write,key7,621.721,106,false
2026-04-03T16:41:37.749851-04:00,write,key4,626.334,119,false
2026-04-03T16:41:37.755546-04:00,write,key7,620.734,105,false
2026-04-03T16:41:37.757718-04:00,write,key4,618.593,120,false
2026-04-03T16:41:37.749926-04:00,write,key7,626.499,104,false
2026-04-03T16:41:37.750075-04:00,write,key5,626.480,110,false
2026-04-03T16:41:38.375591-04:00,read,key5,3.968,109,true
2026-04-03T16:41:38.376322-04:00,read,key0,3.443,112,false
2026-04-03T16:41:38.37644-04:00,read,key6,3.631,101,false
2026-04-03T16:41:38.376608-04:00,read,key7,3.901,106,false
2026-04-03T16:41:38.38009-04:00,read,key5,12.951,110,false
2026-04-03T16:41:38.380525-04:00,read,key2,12.550,82,false
2026-04-03T16:41:38.287571-04:00,write,key6,614.421,102,false
2026-04-03T16:41:38.287571-04:00,write,key8,614.453,122,false
2026-04-03T16:41:38.376297-04:00,write,key6,627.067,104,false
2026-04-03T16:41:38.379792-04:00,write,key5,623.609,111,false
2026-04-03T16:41:38.376232-04:00,write,key6,627.230,103,false
2026-04-03T16:41:38.3755-04:00,write,key3,628.187,119,false
2026-04-03T16:41:38.379598-04:00,write,key3,624.142,120,false
2026-04-03T16:41:38.375815-04:00,write,key2,628.857,83,false
2026-04-03T16:41:39.003699-04:00,read,key4,4.527,120,false
2026-04-03T16:41:39.003421-04:00,read,key2,5.944,82,true
2026-04-03T16:41:39.003406-04:00,read,key2,5.959,82,true
2026-04-03T16:41:39.003791-04:00,read,key6,5.722,104,false
2026-04-03T16:41:39.009387-04:00,read,key4,1.565,120,false
2026-04-03T16:41:39.004726-04:00,read,key4,6.246,120,false
2026-04-03T16:41:39.009525-04:00,read,key7,2.364,106,false
2026-04-03T16:41:39.00826-04:00,read,key0,3.681,113,false
2026-04-03T16:41:38.393096-04:00,write,key8,620.347,123,false
2026-04-03T16:41:39.011907-04:00,read,key0,1.919,112,false
2026-04-03T16:41:38.393076-04:00,write,key3,620.754,121,false
2026-04-03T16:41:39.011008-04:00,read,key5,4.381,111,false
2026-04-03T16:41:38.902039-04:00,write,key0,616.289,114,false
2026-04-03T16:41:38.902045-04:00,write,key0,617.075,113,false
2026-04-03T16:41:39.518419-04:00,read,key6,1.638,104,false
2026-04-03T16:41:39.519148-04:00,read,key2,1.247,83,false
2026-04-03T16:41:39.520414-04:00,read,key9,1.050,100,false
2026-04-03T16:41:39.521488-04:00,read,key4,0.683,121,false
2026-04-03T16:41:39.015535-04:00,write,key5,614.248,114,false
2026-04-03T16:41:39.009406-04:00,write,key8,620.412,124,false
2026-04-03T16:41:39.003566-04:00,write,key5,626.248,112,false
2026-04-03T16:41:39.010986-04:00,write,key9,618.828,100,false
2026-04-03T16:41:39.013846-04:00,write,key6,617.267,105,false
2026-04-03T16:41:39.01347-04:00,write,key5,617.671,113,false
2026-04-03T16:41:39.013846-04:00,write,key8,617.314,125,false
2026-04-03T16:41:39.011956-04:00,write,key4,619.270,121,false
2026-04-03T16:41:39.629861-04:00,read,key5,2.284,114,false
2026-04-03T16:41:39.629896-04:00,read,key8,2.279,125,false
2026-04-03T16:41:39.631193-04:00,read,key1,1.040,91,false
2026-04-03T16:41:39.632246-04:00,read,key9,0.722,99,true
2026-04-03T16:41:39.632187-04:00,read,key0,0.939,114,false
2026-04-03T16:41:39.632168-04:00,read,key9,0.961,100,false
2026-04-03T16:41:39.632986-04:00,read,key6,0.481,105,false
2026-04-03T16:41:39.633149-04:00,read,key5,0.394,111,true
2026-04-03T16:41:39.633555-04:00,read,key2,0.372,83,false
2026-04-03T16:41:39.522199-04:00,write,key2,614.295,84,false
2026-04-03T16:41:39.520102-04:00,write,key1,616.454,92,false
2026-04-03T16:41:39.633156-04:00,write,key0,607.552,115,false
2026-04-03T16:41:39.631158-04:00,write,key1,609.501,93,false
2026-04-03T16:41:39.633483-04:00,write,key4,607.299,124,false
2026-04-03T16:41:39.62987-04:00,write,key3,611.056,122,false
2026-04-03T16:41:39.629863-04:00,write,key4,611.160,122,false
2026-04-03T16:41:39.631158-04:00,write,key4,609.991,123,false
2026-04-03T16:41:39.633943-04:00,write,key4,610.458,125,false
2026-04-03T16:41:40.24094-04:00,read,key0,3.832,114,true
2026-04-03T16:41:39.631235-04:00,write,key9,613.737,101,false
2026-04-03T16:41:40.244427-04:00,read,key9,2.558,101,false
2026-04-03T16:41:40.244985-04:00,read,key8,2.080,125,false
2026-04-03T16:41:40.136599-04:00,write,key8,615.712,126,false
2026-04-03T16:41:40.136612-04:00,write,key1,615.724,94,false
2026-04-03T16:41:40.752349-04:00,read,key1,0.565,95,false
2026-04-03T16:41:40.247016-04:00,write,key2,611.792,85,false
2026-04-03T16:41:40.247086-04:00,write,key2,611.800,86,false
2026-04-03T16:41:40.24077-04:00,write,key6,618.296,106,false
2026-04-03T16:41:40.241043-04:00,write,key1,618.347,95,false
2026-04-03T16:41:40.244809-04:00,write,key7,614.696,107,false
2026-04-03T16:41:40.240852-04:00,write,key3,618.689,123,false
2026-04-03T16:41:40.241168-04:00,write,key9,618.363,102,false
2026-04-03T16:41:40.240783-04:00,write,key8,619.040,127,false
2026-04-03T16:41:40.859586-04:00,read,key9,2.771,102,false
2026-04-03T16:41:40.85952-04:00,read,key0,3.146,115,false
2026-04-03T16:41:40.858881-04:00,read,key5,3.867,114,false
2026-04-03T16:41:40.858922-04:00,read,key7,3.902,105,true
2026-04-03T16:41:40.862389-04:00,read,key9,2.830,102,false
2026-04-03T16:41:40.862764-04:00,read,key3,2.492,123,false
2026-04-03T16:41:40.865273-04:00,read,key4,1.732,125,false
2026-04-03T16:41:40.862843-04:00,read,key0,4.192,115,false
2026-04-03T16:41:40.867072-04:00,read,key0,1.203,115,false
2026-04-03T16:41:40.867026-04:00,read,key2,1.800,86,false
2026-04-03T16:41:40.868295-04:00,read,key8,1.240,127,false
2026-04-03T16:41:40.868844-04:00,read,key4,1.303,125,false
2026-04-03T16:41:40.869552-04:00,read,key0,1.181,115,false
2026-04-03T16:41:40.87075-04:00,read,key4,1.116,125,false
2026-04-03T16:41:40.752933-04:00,write,key1,618.223,96,false
2026-04-03T16:41:40.752352-04:00,write,key5,618.803,115,false
2026-04-03T16:41:41.371238-04:00,read,key2,1.649,86,false
2026-04-03T16:41:41.372925-04:00,read,key5,1.033,114,true
2026-04-03T16:41:40.859588-04:00,write,key3,611.307,124,false
2026-04-03T16:41:40.859116-04:00,write,key5,611.777,116,false
2026-04-03T16:41:40.859412-04:00,write,key7,611.483,108,false
2026-04-03T16:41:40.85984-04:00,write,key4,611.338,126,false
2026-04-03T16:41:40.862722-04:00,write,key4,612.293,127,false
2026-04-03T16:41:40.86525-04:00,write,key6,610.002,107,false
2026-04-03T16:41:41.475292-04:00,read,key8,1.755,127,false
2026-04-03T16:41:41.475042-04:00,read,key9,2.079,102,false
2026-04-03T16:41:40.871886-04:00,write,key6,609.736,108,false
2026-04-03T16:41:40.870174-04:00,write,key9,612.373,103,false
2026-04-03T16:41:41.482571-04:00,read,key2,1.252,85,true
2026-04-03T16:41:41.483845-04:00,read,key4,1.215,127,false
2026-04-03T16:41:41.374018-04:00,write,key4,607.294,128,false
2026-04-03T16:41:41.371298-04:00,write,key9,610.862,104,false
2026-04-03T16:41:41.982199-04:00,read,key0,1.151,115,false
2026-04-03T16:41:41.983379-04:00,read,key2,0.972,86,false
2026-04-03T16:41:41.47096-04:00,write,key3,616.391,125,false
2026-04-03T16:41:41.477086-04:00,write,key3,610.329,126,false
2026-04-03T16:41:41.471208-04:00,write,key4,616.267,129,false
2026-04-03T16:41:42.087446-04:00,read,key7,2.371,108,false
2026-04-03T16:41:42.087409-04:00,read,key6,2.454,108,false
2026-04-03T16:41:42.089851-04:00,read,key6,1.026,108,false
2026-04-03T16:41:42.089884-04:00,read,key9,1.041,104,false
2026-04-03T16:41:42.09095-04:00,read,key6,0.960,108,false
2026-04-03T16:41:42.091932-04:00,read,key6,0.875,108,false
2026-04-03T16:41:42.092824-04:00,read,key2,0.857,86,false
2026-04-03T16:41:41.470958-04:00,write,key2,626.593,87,false
2026-04-03T16:41:41.471068-04:00,write,key1,627.523,97,false
2026-04-03T16:41:41.477144-04:00,write,key1,621.492,98,false
2026-04-03T16:41:41.485083-04:00,write,key1,614.751,99,false
2026-04-03T16:41:42.09861-04:00,read,key4,2.384,129,false
2026-04-03T16:41:41.481655-04:00,write,key5,619.395,117,false
2026-04-03T16:41:42.09865-04:00,read,key5,2.955,117,false
2026-04-03T16:41:42.101014-04:00,read,key7,1.908,108,false
2026-04-03T16:41:42.101064-04:00,read,key2,1.990,85,true
2026-04-03T16:41:42.103077-04:00,read,key0,1.534,115,false
2026-04-03T16:41:41.984388-04:00,write,key0,608.792,117,false
2026-04-03T16:41:41.981413-04:00,write,key0,611.843,116,false
2026-04-03T16:41:42.593298-04:00,read,key5,1.495,117,false
2026-04-03T16:41:42.593263-04:00,read,key1,1.563,99,false
2026-04-03T16:41:42.09091-04:00,write,key5,610.175,118,false
2026-04-03T16:41:42.087546-04:00,write,key0,613.610,118,false
2026-04-03T16:41:42.093739-04:00,write,key7,609.156,109,false
2026-04-03T16:41:42.7012-04:00,read,key8,1.727,128,false
2026-04-03T16:41:42.702929-04:00,read,key9,1.540,105,false
2026-04-03T16:41:42.702946-04:00,read,key8,1.552,127,false
2026-04-03T16:41:42.704495-04:00,read,key2,1.053,87,false
2026-04-03T16:41:42.101627-04:00,write,key9,605.959,105,false
2026-04-03T16:41:42.099874-04:00,write,key8,607.771,128,false
2026-04-03T16:41:42.097583-04:00,write,key5,610.067,119,false
2026-04-03T16:41:42.102949-04:00,write,key7,606.028,110,false
2026-04-03T16:41:42.707608-04:00,read,key8,2.563,128,false
2026-04-03T16:41:42.707711-04:00,read,key8,3.030,127,true
2026-04-03T16:41:42.708999-04:00,read,key8,2.533,127,true
2026-04-03T16:41:42.104643-04:00,write,key3,607.785,127,false
2026-04-03T16:41:42.711553-04:00,read,key7,1.757,110,false
2026-04-03T16:41:42.712448-04:00,read,key3,1.567,126,true
2026-04-03T16:41:42.59485-04:00,write,key1,619.321,100,false
2026-04-03T16:41:42.594859-04:00,write,key9,619.319,106,false
2026-04-03T16:41:43.21429-04:00,read,key3,1.571,127,false
2026-04-03T16:41:43.214265-04:00,read,key3,1.596,127,false
2026-04-03T16:41:43.215905-04:00,read,key4,1.079,130,false
2026-04-03T16:41:43.215908-04:00,read,key5,1.118,121,false
2026-04-03T16:41:43.217011-04:00,read,key9,1.054,106,false
2026-04-03T16:41:43.217049-04:00,read,key0,1.314,118,false
2026-04-03T16:41:43.218085-04:00,read,key6,0.879,109,false
2026-04-03T16:41:43.21838-04:00,read,key0,0.966,119,false
2026-04-03T16:41:43.219362-04:00,read,key1,1.160,102,false
2026-04-03T16:41:43.220544-04:00,read,key6,1.096,108,false
2026-04-03T16:41:43.221655-04:00,read,key1,0.761,102,false
2026-04-03T16:41:42.7012-04:00,write,key5,618.050,120,false
2026-04-03T16:41:42.710204-04:00,write,key5,609.445,122,false
2026-04-03T16:41:42.705579-04:00,write,key1,614.564,101,false
2026-04-03T16:41:42.710764-04:00,write,key6,609.803,109,false
2026-04-03T16:41:42.707667-04:00,write,key5,612.934,121,false
2026-04-03T16:41:42.704539-04:00,write,key0,616.325,119,false
2026-04-03T16:41:42.713331-04:00,write,key1,608.975,102,false
2026-04-03T16:41:43.320669-04:00,read,key1,3.904,102,false
2026-04-03T16:41:42.714037-04:00,write,key4,610.571,130,false
2026-04-03T16:41:43.320585-04:00,read,key4,4.133,130,false
2026-04-03T16:41:43.319391-04:00,read,key8,5.359,128,false
2026-04-03T16:41:43.320899-04:00,read,key2,4.638,87,false
2026-04-03T16:41:43.324598-04:00,read,key5,2.601,121,true
2026-04-03T16:41:43.324773-04:00,read,key3,2.473,127,false
2026-04-03T16:41:43.325557-04:00,read,key2,2.388,87,false
2026-04-03T16:41:43.327222-04:00,read,key2,1.930,87,false
2026-04-03T16:41:43.32727-04:00,read,key3,2.037,127,false
2026-04-03T16:41:43.329171-04:00,read,key8,1.351,128,false
2026-04-03T16:41:43.329321-04:00,read,key9,1.240,106,false
2026-04-03T16:41:43.330578-04:00,read,key8,1.729,128,false
2026-04-03T16:41:43.332325-04:00,read,key4,1.077,129,true
2026-04-03T16:41:43.333417-04:00,read,key7,0.978,111,false
2026-04-03T16:41:43.33441-04:00,read,key8,0.880,128,false
2026-04-03T16:41:43.335302-04:00,read,key2,0.641,87,false
2026-04-03T16:41:43.222437-04:00,write,key4,607.902,131,false
2026-04-03T16:41:43.218995-04:00,write,key7,611.344,111,false
2026-04-03T16:41:43.830426-04:00,read,key6,1.260,110,false
2026-04-03T16:41:43.319694-04:00,write,key7,614.090,112,false
2026-04-03T16:41:43.32238-04:00,write,key0,611.450,120,false
2026-04-03T16:41:43.320214-04:00,write,key3,613.638,128,false
2026-04-03T16:41:43.32463-04:00,write,key3,609.289,129,false
2026-04-03T16:41:43.324743-04:00,write,key7,609.088,113,false
2026-04-03T16:41:43.933929-04:00,read,key9,1.791,107,false
2026-04-03T16:41:43.935756-04:00,read,key5,1.189,121,true
2026-04-03T16:41:43.936987-04:00,read,key3,0.870,127,true
2026-04-03T16:41:43.330542-04:00,write,key6,608.008,110,false
2026-04-03T16:41:43.327968-04:00,write,key9,610.620,107,false
2026-04-03T16:41:43.937875-04:00,read,key4,1.232,130,true
2026-04-03T16:41:43.938567-04:00,read,key2,1.304,87,false
2026-04-03T16:41:43.939891-04:00,read,key0,1.146,120,false
2026-04-03T16:41:43.335959-04:00,write,key4,610.084,132,false
2026-04-03T16:41:43.830451-04:00,write,key1,611.561,103,false
2026-04-03T16:41:43.831725-04:00,write,key2,616.211,88,false
2026-04-03T16:41:43.933861-04:00,write,key4,611.658,133,false
2026-04-03T16:41:43.93913-04:00,write,key8,606.463,129,false
2026-04-03T16:41:43.933921-04:00,write,key9,611.802,108,false
2026-04-03T16:41:43.938619-04:00,write,key5,607.763,123,false
2026-04-03T16:41:43.933861-04:00,write,key3,612.559,130,false
2026-04-03T16:41:43.933959-04:00,write,key2,613.020,89,false
2026-04-03T16:41:43.941062-04:00,write,key8,608.589,130,false
2026-04-03T16:41:44.546998-04:00,read,key8,2.686,128,true
2026-04-03T16:41:44.549681-04:00,read,key4,1.236,132,true
2026-04-03T16:41:44.550938-04:00,read,key6,1.180,110,false
2026-04-03T16:41:43.946106-04:00,write,key8,607.195,131,false
2026-04-03T16:41:44.553322-04:00,read,key7,1.043,113,false
2026-04-03T16:41:44.554382-04:00,read,key6,1.121,110,false
2026-04-03T16:41:44.555522-04:00,read,key1,0.828,103,false
2026-04-03T16:41:44.556364-04:00,read,key6,0.946,110,false
2026-04-03T16:41:44.557324-04:00,read,key4,0.983,132,true
2026-04-03T16:41:44.558322-04:00,read,key6,0.779,110,false
2026-04-03T16:41:44.442128-04:00,write,key6,615.248,111,false
2026-04-03T16:41:44.448035-04:00,write,key6,609.434,112,false
2026-04-03T16:41:44.549716-04:00,write,key1,611.558,104,false
2026-04-03T16:41:44.545632-04:00,write,key7,615.708,114,false
2026-04-03T16:41:45.161349-04:00,read,key5,1.966,124,false
2026-04-03T16:41:45.16139-04:00,read,key5,1.926,123,false
2026-04-03T16:41:44.546441-04:00,write,key3,621.701,131,false
2026-04-03T16:41:44.559122-04:00,write,key5,609.073,124,false
2026-04-03T16:41:44.552153-04:00,write,key9,616.595,109,false
2026-04-03T16:41:44.545756-04:00,write,key3,623.039,132,false
2026-04-03T16:41:44.546417-04:00,write,key8,622.458,132,false
2026-04-03T16:41:44.545611-04:00,write,key8,623.264,133,false
2026-04-03T16:41:45.168849-04:00,read,key0,1.603,120,false
2026-04-03T16:41:45.168166-04:00,read,key0,2.852,120,false
2026-04-03T16:41:45.057528-04:00,write,key1,613.669,105,false
2026-04-03T16:41:45.057499-04:00,write,key5,613.802,125,false
2026-04-03T16:41:45.671333-04:00,read,key4,1.996,133,false
2026-04-03T16:41:45.163358-04:00,write,key9,613.917,110,false
2026-04-03T16:41:45.163358-04:00,write,key0,613.972,121,false
2026-04-03T16:41:45.168768-04:00,write,key2,610.931,90,false
2026-04-03T16:41:45.777328-04:00,read,key4,2.432,133,false
2026-04-03T16:41:45.17048-04:00,write,key2,609.265,91,false
2026-04-03T16:41:45.168889-04:00,write,key7,610.952,115,false
2026-04-03T16:41:45.171037-04:00,write,key3,608.691,133,false
2026-04-03T16:41:45.168218-04:00,write,key5,611.485,126,false
2026-04-03T16:41:45.168922-04:00,write,key5,610.777,127,false
2026-04-03T16:41:45.779732-04:00,read,key0,3.706,121,false
2026-04-03T16:41:45.779852-04:00,read,key2,3.668,89,true
2026-04-03T16:41:45.779804-04:00,read,key3,3.721,132,true
2026-04-03T16:41:45.78354-04:00,read,key4,2.244,133,false
2026-04-03T16:41:45.783467-04:00,read,key4,2.357,133,false
2026-04-03T16:41:45.779901-04:00,read,key3,7.455,132,true
2026-04-03T16:41:45.787374-04:00,read,key7,0.994,114,true
2026-04-03T16:41:45.785856-04:00,read,key3,2.561,132,true
2026-04-03T16:41:45.788437-04:00,read,key5,1.858,126,true
2026-04-03T16:41:45.790312-04:00,read,key2,1.662,89,true
2026-04-03T16:41:45.671293-04:00,write,key6,618.511,113,false
2026-04-03T16:41:45.673385-04:00,write,key9,622.207,111,false
2026-04-03T16:41:46.295651-04:00,read,key3,1.345,133,false
2026-04-03T16:41:45.777385-04:00,write,key8,618.012,134,false
2026-04-03T16:41:45.783571-04:00,write,key6,611.904,114,false
2026-04-03T16:41:45.779909-04:00,write,key2,615.588,92,false
2026-04-03T16:41:45.779858-04:00,write,key5,615.945,128,false
2026-04-03T16:41:45.779789-04:00,write,key8,616.049,135,false
2026-04-03T16:41:46.39586-04:00,read,key2,2.276,92,false
2026-04-03T16:41:45.785816-04:00,write,key7,612.393,116,false
2026-04-03T16:41:45.792001-04:00,write,key1,606.282,107,false
2026-04-03T16:41:46.395575-04:00,read,key9,2.926,111,false
2026-04-03T16:41:46.395822-04:00,read,key0,2.731,121,false
2026-04-03T16:41:45.788391-04:00,write,key1,610.385,106,false
2026-04-03T16:41:46.3955-04:00,read,key7,3.305,115,true
2026-04-03T16:41:46.398249-04:00,read,key2,2.406,92,false
2026-04-03T16:41:46.398793-04:00,read,key3,1.903,133,false
2026-04-03T16:41:46.398567-04:00,read,key1,2.235,105,true
2026-04-03T16:41:46.398821-04:00,read,key4,2.594,133,false
2026-04-03T16:41:46.297061-04:00,write,key0,609.348,122,false
2026-04-03T16:41:46.291263-04:00,write,key2,615.151,93,false
2026-04-03T16:41:46.906511-04:00,read,key8,1.728,134,true
2026-04-03T16:41:46.398306-04:00,write,key2,612.798,94,false
2026-04-03T16:41:46.400688-04:00,write,key0,610.524,123,false
2026-04-03T16:41:46.395481-04:00,write,key5,616.308,129,false
2026-04-03T16:41:46.398524-04:00,write,key1,613.475,108,false
2026-04-03T16:41:46.398177-04:00,write,key7,614.258,117,false
2026-04-03T16:41:46.400721-04:00,write,key6,611.744,115,false
2026-04-03T16:41:46.40145-04:00,write,key5,611.010,131,false
2026-04-03T16:41:46.400827-04:00,write,key5,611.992,130,false
2026-04-03T16:41:47.011263-04:00,read,key9,2.294,111,false
2026-04-03T16:41:47.012497-04:00,read,key6,1.243,115,false
2026-04-03T16:41:47.011187-04:00,read,key4,2.575,133,false
2026-04-03T16:41:47.012041-04:00,read,key7,1.747,116,true
2026-04-03T16:41:47.01358-04:00,read,key2,1.187,93,true
2026-04-03T16:41:47.013757-04:00,read,key4,1.046,133,false
2026-04-03T16:41:47.012477-04:00,read,key5,2.383,131,false
2026-04-03T16:41:47.012828-04:00,read,key9,2.022,111,false
2026-04-03T16:41:47.014814-04:00,read,key3,0.797,133,false
2026-04-03T16:41:47.013771-04:00,read,key1,2.537,108,false
2026-04-03T16:41:46.906522-04:00,write,key3,614.840,134,false
2026-04-03T16:41:46.908292-04:00,write,key6,614.240,116,false
2026-04-03T16:41:47.012503-04:00,write,key5,613.399,132,false
2026-04-03T16:41:47.014877-04:00,write,key7,611.178,120,false
2026-04-03T16:41:47.016342-04:00,write,key6,609.716,117,false
2026-04-03T16:41:47.014876-04:00,write,key9,611.710,112,false
2026-04-03T16:41:47.015632-04:00,write,key1,610.968,109,false
2026-04-03T16:41:47.011904-04:00,write,key7,614.796,118,false
2026-04-03T16:41:47.013817-04:00,write,key7,613.189,119,false
2026-04-03T16:41:47.014799-04:00,write,key2,612.204,95,false
2026-04-03T16:41:47.627023-04:00,read,key9,3.596,112,false
2026-04-03T16:41:47.625973-04:00,read,key9,4.801,111,true
2026-04-03T16:41:47.626144-04:00,read,key0,4.880,123,false
2026-04-03T16:41:47.626608-04:00,read,key8,4.837,134,true
2026-04-03T16:41:47.63067-04:00,read,key3,2.747,133,true
2026-04-03T16:41:47.631464-04:00,read,key5,2.004,133,false
2026-04-03T16:41:47.522579-04:00,write,key5,611.695,133,false
2026-04-03T16:41:47.52148-04:00,write,key9,612.814,113,false
2026-04-03T16:41:47.626104-04:00,write,key0,613.469,124,false
2026-04-03T16:41:47.630802-04:00,write,key9,608.844,115,false
2026-04-03T16:41:47.626727-04:00,write,key9,613.013,114,false
2026-04-03T16:41:47.627067-04:00,write,key1,613.194,110,false
2026-04-03T16:41:47.626657-04:00,write,key3,613.658,135,false
2026-04-03T16:41:48.240394-04:00,read,key9,3.056,115,false
2026-04-03T16:41:48.239825-04:00,read,key0,3.702,124,false
2026-04-03T16:41:48.239644-04:00,read,key3,3.960,134,true
2026-04-03T16:41:47.633506-04:00,write,key6,611.386,118,false
2026-04-03T16:41:48.243482-04:00,read,key7,3.320,121,false
2026-04-03T16:41:47.63351-04:00,write,key7,613.947,121,false
2026-04-03T16:41:47.631048-04:00,write,key1,616.405,111,false
2026-04-03T16:41:48.247471-04:00,read,key7,2.367,121,false
2026-04-03T16:41:48.247472-04:00,read,key7,2.455,121,false
2026-04-03T16:41:48.249943-04:00,read,key4,1.411,133,false
2026-04-03T16:41:48.251375-04:00,read,key6,1.009,118,false
2026-04-03T16:41:48.252399-04:00,read,key9,0.928,115,false
2026-04-03T16:41:48.134389-04:00,write,key2,616.644,96,false
2026-04-03T16:41:48.134393-04:00,write,key0,618.467,125,false
2026-04-03T16:41:48.752902-04:00,read,key0,1.077,124,true
2026-04-03T16:41:48.754004-04:00,read,key3,0.822,135,false
2026-04-03T16:41:48.243636-04:00,write,key8,613.135,137,false
2026-04-03T16:41:48.246838-04:00,write,key4,610.012,134,false
2026-04-03T16:41:48.244919-04:00,write,key3,612.060,136,false
2026-04-03T16:41:48.240305-04:00,write,key8,616.797,136,false
2026-04-03T16:41:48.249883-04:00,write,key0,607.612,127,false
2026-04-03T16:41:48.239703-04:00,write,key7,617.813,122,false
2026-04-03T16:41:48.243556-04:00,write,key0,613.940,126,false
2026-04-03T16:41:48.857127-04:00,read,key6,3.984,118,false
2026-04-03T16:41:48.253348-04:00,write,key8,608.108,138,false
2026-04-03T16:41:48.857553-04:00,read,key7,3.957,121,true
2026-04-03T16:41:48.861471-04:00,read,key7,2.300,121,true
2026-04-03T16:41:48.863802-04:00,read,key7,1.334,121,true
2026-04-03T16:41:48.865159-04:00,read,key5,1.110,133,false
2026-04-03T16:41:48.866288-04:00,read,key8,0.937,138,false
2026-04-03T16:41:48.867239-04:00,read,key0,0.783,127,false
2026-04-03T16:41:48.868034-04:00,read,key4,0.511,133,true
2026-04-03T16:41:48.751127-04:00,write,key4,611.809,135,false
2026-04-03T16:41:48.754857-04:00,write,key9,608.078,116,false
2026-04-03T16:41:49.363015-04:00,read,key2,1.238,96,false
2026-04-03T16:41:49.363006-04:00,read,key0,1.272,127,false
2026-04-03T16:41:48.857607-04:00,write,key9,608.231,118,false
2026-04-03T16:41:48.856891-04:00,write,key9,608.994,117,false
2026-04-03T16:41:49.46591-04:00,read,key1,1.492,110,true
2026-04-03T16:41:49.465912-04:00,read,key7,1.528,123,false
2026-04-03T16:41:48.85702-04:00,write,key4,611.443,136,false
2026-04-03T16:41:48.85753-04:00,write,key1,611.021,112,false
2026-04-03T16:41:48.86115-04:00,write,key9,607.492,119,false
2026-04-03T16:41:48.856854-04:00,write,key3,611.819,137,false
2026-04-03T16:41:49.467424-04:00,read,key5,1.345,133,false
2026-04-03T16:41:49.468785-04:00,read,key1,0.940,112,false
2026-04-03T16:41:49.469743-04:00,read,key6,0.771,119,false
2026-04-03T16:41:49.47053-04:00,read,key5,0.588,133,false
2026-04-03T16:41:49.471131-04:00,read,key6,0.613,118,false
2026-04-03T16:41:48.861535-04:00,write,key6,610.645,119,false
2026-04-03T16:41:49.471758-04:00,read,key3,0.777,137,false
2026-04-03T16:41:49.472548-04:00,read,key9,0.732,115,true
2026-04-03T16:41:49.473295-04:00,read,key2,0.603,96,false
2026-04-03T16:41:48.868565-04:00,write,key9,608.765,120,false
2026-04-03T16:41:49.364304-04:00,write,key7,616.061,123,false
2026-04-03T16:41:49.364304-04:00,write,key2,616.136,97,false
2026-04-03T16:41:49.980438-04:00,read,key3,2.813,138,false
2026-04-03T16:41:49.473933-04:00,write,key3,612.210,138,false
2026-04-03T16:41:49.467466-04:00,write,key4,618.733,137,false
2026-04-03T16:41:49.468485-04:00,write,key1,617.726,113,false
2026-04-03T16:41:49.468655-04:00,write,key6,617.625,120,false
2026-04-03T16:41:49.472195-04:00,write,key9,614.021,121,false
2026-04-03T16:41:49.468683-04:00,write,key2,617.652,98,false
2026-04-03T16:41:49.477355-04:00,write,key7,609.125,124,false
2026-04-03T16:41:49.468575-04:00,write,key5,617.964,134,false
2026-04-03T16:41:50.086274-04:00,read,key6,3.265,120,false
2026-04-03T16:41:50.086551-04:00,read,key2,3.035,98,false
2026-04-03T16:41:50.08957-04:00,read,key2,1.720,98,false
2026-04-03T16:41:50.091319-04:00,read,key4,0.893,136,true
2026-04-03T16:41:49.9833-04:00,write,key8,609.252,139,false
2026-04-03T16:41:49.980487-04:00,write,key3,612.065,139,false
2026-04-03T16:41:50.59264-04:00,read,key0,1.450,126,true
2026-04-03T16:41:50.086291-04:00,write,key7,610.880,125,false
2026-04-03T16:41:50.086229-04:00,write,key6,610.967,121,false
2026-04-03T16:41:50.086349-04:00,write,key7,610.852,126,false
2026-04-03T16:41:50.089613-04:00,write,key4,607.666,138,false
2026-04-03T16:41:50.086297-04:00,write,key9,610.984,122,false
2026-04-03T16:41:50.086224-04:00,write,key3,611.231,140,false
2026-04-03T16:41:50.086493-04:00,write,key8,610.992,140,false
2026-04-03T16:41:50.697289-04:00,read,key7,0.595,124,true
2026-04-03T16:41:50.6972-04:00,read,key4,0.862,137,true
2026-04-03T16:41:50.697463-04:00,read,key8,0.788,136,true
2026-04-03T16:41:50.698071-04:00,read,key7,0.379,124,true
2026-04-03T16:41:50.697895-04:00,read,key1,0.556,113,false
2026-04-03T16:41:50.698461-04:00,read,key9,0.395,122,false
2026-04-03T16:41:50.697502-04:00,read,key7,1.350,124,true
2026-04-03T16:41:50.092235-04:00,write,key3,606.797,141,false
2026-04-03T16:41:50.698864-04:00,read,key6,0.608,120,true
2026-04-03T16:41:50.699037-04:00,read,key7,0.458,127,false
2026-04-03T16:41:50.699503-04:00,read,key1,0.464,113,false
2026-04-03T16:41:50.59414-04:00,write,key7,612.881,127,false
2026-04-03T16:41:50.592658-04:00,write,key8,614.363,141,false
2026-04-03T16:41:51.207109-04:00,read,key1,1.371,113,false
2026-04-03T16:41:51.207109-04:00,read,key7,1.399,125,true
2026-04-03T16:41:51.208528-04:00,read,key8,0.910,143,false
2026-04-03T16:41:51.208512-04:00,read,key1,0.984,114,false
2026-04-03T16:41:51.209513-04:00,read,key6,0.854,121,false
2026-04-03T16:41:50.697241-04:00,write,key8,610.921,142,false
2026-04-03T16:41:50.698462-04:00,write,key9,609.778,123,false
2026-04-03T16:41:50.697295-04:00,write,key4,611.018,139,false
2026-04-03T16:41:50.698875-04:00,write,key2,609.786,99,false
2026-04-03T16:41:50.69998-04:00,write,key9,608.718,124,false
2026-04-03T16:41:50.699486-04:00,write,key6,609.271,122,false
2026-04-03T16:41:50.697215-04:00,write,key1,611.754,114,false
2026-04-03T16:41:50.698265-04:00,write,key8,610.740,143,false
2026-04-03T16:41:51.309095-04:00,read,key5,3.308,134,false
2026-04-03T16:41:51.308731-04:00,read,key5,3.955,134,false
2026-04-03T16:41:51.308217-04:00,read,key4,4.462,138,true
2026-04-03T16:41:51.308768-04:00,read,key8,4.388,143,false
2026-04-03T16:41:51.308349-04:00,read,key5,5.711,134,false
2026-04-03T16:41:51.314085-04:00,read,key5,1.571,134,false
2026-04-03T16:41:51.312434-04:00,read,key5,3.276,134,false
2026-04-03T16:41:51.315677-04:00,read,key4,2.090,139,false
2026-04-03T16:41:51.210397-04:00,write,key0,614.453,128,false
2026-04-03T16:41:51.209471-04:00,write,key4,615.383,140,false
2026-04-03T16:41:51.824963-04:00,read,key7,1.498,127,false
2026-04-03T16:41:51.826497-04:00,read,key4,1.216,141,false
2026-04-03T16:41:51.313182-04:00,write,key4,614.213,141,false
2026-04-03T16:41:51.315731-04:00,write,key7,611.908,128,false
2026-04-03T16:41:51.312725-04:00,write,key9,615.092,125,false
2026-04-03T16:41:51.309129-04:00,write,key5,618.848,135,false
2026-04-03T16:41:51.312716-04:00,write,key3,615.324,142,false
2026-04-03T16:41:51.308284-04:00,write,key6,619.973,124,false
2026-04-03T16:41:51.308722-04:00,write,key6,619.530,123,false
2026-04-03T16:41:51.317797-04:00,write,key9,612.123,126,false
2026-04-03T16:41:51.928059-04:00,read,key4,3.479,140,true
2026-04-03T16:41:51.928297-04:00,read,key0,3.425,128,false
2026-04-03T16:41:51.927663-04:00,read,key4,4.105,143,false
2026-04-03T16:41:51.929943-04:00,read,key6,3.724,123,true
2026-04-03T16:41:51.93174-04:00,read,key9,4.522,126,false
2026-04-03T16:41:51.931563-04:00,read,key1,4.940,114,false
2026-04-03T16:41:51.933691-04:00,read,key6,2.912,123,true
2026-04-03T16:41:51.936521-04:00,read,key9,2.361,123,true
2026-04-03T16:41:51.936283-04:00,read,key2,2.884,99,false
2026-04-03T16:41:51.827744-04:00,write,key4,607.037,143,false
2026-04-03T16:41:51.824985-04:00,write,key4,609.793,142,false
2026-04-03T16:41:52.434868-04:00,read,key5,1.789,135,false
2026-04-03T16:41:52.43487-04:00,read,key0,1.841,128,false
2026-04-03T16:41:52.436749-04:00,read,key0,1.374,128,false
2026-04-03T16:41:52.438149-04:00,read,key3,0.905,143,false
2026-04-03T16:41:52.439074-04:00,read,key6,0.897,124,false
2026-04-03T16:41:51.927847-04:00,write,key6,615.957,125,false
2026-04-03T16:41:51.931792-04:00,write,key9,613.729,128,false
2026-04-03T16:41:51.928313-04:00,write,key8,617.265,144,false
2026-04-03T16:41:51.927481-04:00,write,key9,618.668,127,false
2026-04-03T16:41:51.93919-04:00,write,key2,608.551,101,false
2026-04-03T16:41:51.936653-04:00,write,key2,611.151,100,false
2026-04-03T16:41:51.928005-04:00,write,key3,619.847,143,false
2026-04-03T16:41:51.938912-04:00,write,key6,609.455,126,false
2026-04-03T16:41:52.545597-04:00,read,key8,2.929,144,false
2026-04-03T16:41:52.546186-04:00,read,key7,3.190,128,false
2026-04-03T16:41:52.545553-04:00,read,key9,3.880,127,true
2026-04-03T16:41:52.548542-04:00,read,key5,3.975,135,false
2026-04-03T16:41:52.548385-04:00,read,key8,4.221,142,true
2026-04-03T16:41:52.54786-04:00,read,key6,4.798,124,true
2026-04-03T16:41:52.54945-04:00,read,key5,3.489,135,false
2026-04-03T16:41:52.547821-04:00,read,key9,5.208,127,true
2026-04-03T16:41:52.436722-04:00,write,key1,609.319,115,false
2026-04-03T16:41:52.439995-04:00,write,key2,607.135,102,false
2026-04-03T16:41:53.046133-04:00,read,key9,1.771,128,false
2026-04-03T16:41:53.04717-04:00,read,key2,1.389,102,false
2026-04-03T16:41:53.047934-04:00,read,key1,1.076,114,true
2026-04-03T16:41:53.048581-04:00,read,key5,1.049,135,false
2026-04-03T16:41:53.049647-04:00,read,key4,1.017,142,true
2026-04-03T16:41:52.543869-04:00,write,key1,609.778,116,false
2026-04-03T16:41:52.54791-04:00,write,key3,608.706,144,false
2026-04-03T16:41:53.156646-04:00,read,key3,1.217,144,false
2026-04-03T16:41:52.549399-04:00,write,key9,612.189,129,false
2026-04-03T16:41:52.552958-04:00,write,key1,610.818,118,false
2026-04-03T16:41:52.552552-04:00,write,key1,611.211,117,false
2026-04-03T16:41:52.552681-04:00,write,key7,611.119,130,false
2026-04-03T16:41:52.553069-04:00,write,key4,610.770,144,false
2026-04-03T16:41:52.55263-04:00,write,key7,612.781,129,false
2026-04-03T16:41:53.163889-04:00,read,key6,3.057,126,false
2026-04-03T16:41:53.163794-04:00,read,key6,3.197,126,false
2026-04-03T16:41:53.163793-04:00,read,key6,3.215,126,false
2026-04-03T16:41:53.167011-04:00,read,key1,1.310,115,true
2026-04-03T16:41:53.165433-04:00,read,key0,2.943,128,false
2026-04-03T16:41:53.167034-04:00,read,key0,1.990,128,false
2026-04-03T16:41:53.168392-04:00,read,key1,2.022,118,false
2026-04-03T16:41:53.168343-04:00,read,key7,2.100,129,true
2026-04-03T16:41:53.170433-04:00,read,key6,1.529,126,false
2026-04-03T16:41:53.169041-04:00,read,key8,4.655,144,false
2026-04-03T16:41:53.173742-04:00,read,key6,0.999,126,false
2026-04-03T16:41:53.174757-04:00,read,key1,0.891,114,true
2026-04-03T16:41:53.049044-04:00,write,key0,608.238,129,false
2026-04-03T16:41:53.050687-04:00,write,key4,607.156,145,false
2026-04-03T16:41:53.157903-04:00,write,key3,610.063,145,false
2026-04-03T16:41:53.153713-04:00,write,key2,614.313,103,false
2026-04-03T16:41:53.161627-04:00,write,key3,607.577,146,false
2026-04-03T16:41:53.768035-04:00,read,key3,1.936,144,true
2026-04-03T16:41:53.769998-04:00,read,key4,1.450,146,false
2026-04-03T16:41:53.163855-04:00,write,key1,608.880,119,false
2026-04-03T16:41:53.166977-04:00,write,key2,609.623,104,false
2026-04-03T16:41:53.17047-04:00,write,key5,606.174,136,false
2026-04-03T16:41:53.77666-04:00,read,key1,1.226,119,false
2026-04-03T16:41:53.776624-04:00,read,key9,1.401,129,false
2026-04-03T16:41:53.778046-04:00,read,key0,1.193,129,false
2026-04-03T16:41:53.777907-04:00,read,key1,1.370,117,true
2026-04-03T16:41:53.779305-04:00,read,key5,1.411,136,false
2026-04-03T16:41:53.175663-04:00,write,key9,609.002,131,false
2026-04-03T16:41:53.171993-04:00,write,key9,613.464,130,false
2026-04-03T16:41:53.784697-04:00,read,key4,1.805,144,true
2026-04-03T16:41:53.786523-04:00,read,key0,1.135,128,true
2026-04-03T16:41:53.787679-04:00,read,key0,0.981,128,true
2026-04-03T16:41:53.657887-04:00,write,key4,610.710,146,false
2026-04-03T16:41:53.657425-04:00,write,key0,611.171,130,false
2026-04-03T16:41:54.268726-04:00,read,key8,1.751,144,false
2026-04-03T16:41:54.270519-04:00,read,key7,1.139,131,false
2026-04-03T16:41:54.271685-04:00,read,key1,1.121,119,false
2026-04-03T16:41:53.769248-04:00,write,key1,607.732,120,false
2026-04-03T16:41:53.768081-04:00,write,key3,608.958,147,false
2026-04-03T16:41:54.377073-04:00,read,key8,1.572,145,false
2026-04-03T16:41:54.378683-04:00,read,key9,0.947,131,false
2026-04-03T16:41:53.771482-04:00,write,key3,609.899,148,false
2026-04-03T16:41:53.772763-04:00,write,key2,608.619,105,false
2026-04-03T16:41:54.381432-04:00,read,key4,1.957,145,true
2026-04-03T16:41:53.779268-04:00,write,key0,609.269,131,false
2026-04-03T16:41:53.780742-04:00,write,key7,608.792,131,false
2026-04-03T16:41:53.788684-04:00,write,key8,606.135,145,false
2026-04-03T16:41:53.78548-04:00,write,key3,609.382,149,false
2026-04-03T16:41:54.268709-04:00,write,key4,614.985,147,false
2026-04-03T16:41:54.272841-04:00,write,key5,610.984,137,false
2026-04-03T16:41:54.884499-04:00,read,key2,1.864,105,false
2026-04-03T16:41:54.377071-04:00,write,key4,611.609,148,false
2026-04-03T16:41:54.381415-04:00,write,key6,607.372,127,false
2026-04-03T16:41:54.379657-04:00,write,key8,609.501,146,false
2026-04-03T16:41:54.38343-04:00,write,key9,606.292,132,false
2026-04-03T16:41:54.98883-04:00,read,key9,2.082,131,true
2026-04-03T16:41:54.988753-04:00,read,key4,2.202,147,true
2026-04-03T16:41:54.38857-04:00,write,key0,606.057,132,false
2026-04-03T16:41:54.38956-04:00,write,key0,605.116,133,false
2026-04-03T16:41:54.994691-04:00,read,key7,1.570,131,false
2026-04-03T16:41:54.394853-04:00,write,key1,610.069,121,false
2026-04-03T16:41:54.394882-04:00,write,key0,610.106,134,false
2026-04-03T16:41:55.005008-04:00,read,key1,1.524,121,false
2026-04-03T16:41:54.886416-04:00,write,key7,608.660,132,false
2026-04-03T16:41:54.883819-04:00,write,key2,611.395,106,false
2026-04-03T16:41:55.495312-04:00,read,key1,1.708,123,false
2026-04-03T16:41:54.989756-04:00,write,key1,607.459,122,false
2026-04-03T16:41:54.989211-04:00,write,key5,608.074,138,false
2026-04-03T16:41:54.990948-04:00,write,key1,608.374,123,false
2026-04-03T16:41:54.99098-04:00,write,key7,608.405,133,false
2026-04-03T16:41:55.599427-04:00,read,key7,1.337,131,true
2026-04-03T16:41:55.600793-04:00,read,key7,1.190,133,false
2026-04-03T16:41:55.602004-04:00,read,key2,0.826,106,false
2026-04-03T16:41:54.994664-04:00,write,key3,608.713,150,false
2026-04-03T16:41:54.996294-04:00,write,key4,608.731,149,false
2026-04-03T16:41:55.00496-04:00,write,key0,607.476,135,false
2026-04-03T16:41:55.00657-04:00,write,key9,605.919,133,false
2026-04-03T16:41:55.497077-04:00,write,key8,614.039,147,false
2026-04-03T16:41:55.49517-04:00,write,key2,617.064,107,false
2026-04-03T16:41:56.111237-04:00,read,key0,1.696,136,false
2026-04-03T16:41:56.112961-04:00,read,key2,1.391,106,true
2026-04-03T16:41:56.114374-04:00,read,key4,0.975,150,false
2026-04-03T16:41:55.605052-04:00,write,key6,611.737,129,false
2026-04-03T16:41:55.602855-04:00,write,key6,613.984,128,false
2026-04-03T16:41:55.597302-04:00,write,key4,619.779,150,false
2026-04-03T16:41:55.599361-04:00,write,key9,617.805,135,false
2026-04-03T16:41:55.603416-04:00,write,key0,614.119,136,false
2026-04-03T16:41:55.597329-04:00,write,key9,620.256,134,false
2026-04-03T16:41:55.612468-04:00,write,key7,606.350,134,false
2026-04-03T16:41:55.612509-04:00,write,key5,606.354,139,false
2026-04-03T16:41:56.217155-04:00,read,key0,4.080,136,false
2026-04-03T16:41:56.216834-04:00,read,key6,4.648,127,true
2026-04-03T16:41:56.217196-04:00,read,key2,4.416,107,false
2026-04-03T16:41:56.217631-04:00,read,key3,4.028,150,false
2026-04-03T16:41:56.216857-04:00,read,key8,5.889,147,false
2026-04-03T16:41:56.217593-04:00,read,key2,5.197,106,true
2026-04-03T16:41:56.221628-04:00,read,key9,3.174,135,false
2026-04-03T16:41:56.221499-04:00,read,key2,3.414,107,false
2026-04-03T16:41:56.218882-04:00,read,key5,6.183,138,true
2026-04-03T16:41:56.225105-04:00,read,key4,2.250,150,false
2026-04-03T16:41:56.218887-04:00,read,key2,8.475,106,true
2026-04-03T16:41:56.224927-04:00,read,key2,2.428,106,true
2026-04-03T16:41:56.227392-04:00,read,key9,2.027,133,true
2026-04-03T16:41:56.227376-04:00,read,key8,2.505,147,false
2026-04-03T16:41:56.227445-04:00,read,key8,2.475,147,false
2026-04-03T16:41:56.229449-04:00,read,key0,1.532,135,true
2026-04-03T16:41:56.2299-04:00,read,key4,1.494,150,false
2026-04-03T16:41:56.231407-04:00,read,key7,0.711,134,false
2026-04-03T16:41:56.23213-04:00,read,key1,0.485,123,false
2026-04-03T16:41:56.232627-04:00,read,key1,0.613,123,false
2026-04-03T16:41:56.115378-04:00,write,key3,610.327,151,false
2026-04-03T16:41:56.11229-04:00,write,key8,613.414,148,false
2026-04-03T16:41:56.221684-04:00,write,key8,609.424,149,false
2026-04-03T16:41:56.221274-04:00,write,key0,609.928,137,false
2026-04-03T16:41:56.831177-04:00,read,key1,1.715,123,false
2026-04-03T16:41:56.224826-04:00,write,key9,608.715,136,false
2026-04-03T16:41:56.83293-04:00,read,key1,1.421,123,false
2026-04-03T16:41:56.222774-04:00,write,key2,612.371,108,false
2026-04-03T16:41:56.22281-04:00,write,key0,612.386,138,false
2026-04-03T16:41:56.833564-04:00,read,key8,2.560,150,false
2026-04-03T16:41:56.231002-04:00,write,key5,606.766,141,false
2026-04-03T16:41:56.836147-04:00,read,key2,1.669,107,true
2026-04-03T16:41:56.229937-04:00,write,key5,607.881,140,false
2026-04-03T16:41:56.837792-04:00,read,key2,1.395,109,false
2026-04-03T16:41:56.83785-04:00,read,key6,1.668,129,false
2026-04-03T16:41:56.233256-04:00,write,key2,608.262,109,false
2026-04-03T16:41:56.841539-04:00,read,key8,1.706,150,false
2026-04-03T16:41:56.843266-04:00,read,key4,1.355,150,false
2026-04-03T16:41:56.72581-04:00,write,key8,612.952,150,false
2026-04-03T16:41:56.72581-04:00,write,key9,613.168,137,false
2026-04-03T16:41:57.338844-04:00,read,key7,1.578,136,false
2026-04-03T16:41:57.339011-04:00,read,key1,1.623,125,false
2026-04-03T16:41:57.34046-04:00,read,key2,1.169,109,false
2026-04-03T16:41:57.340651-04:00,read,key3,1.009,151,false
2026-04-03T16:41:57.341677-04:00,read,key6,1.616,128,true
2026-04-03T16:41:57.343318-04:00,read,key9,1.322,136,true
2026-04-03T16:41:57.344666-04:00,read,key8,1.146,149,true
2026-04-03T16:41:56.831252-04:00,write,key1,614.844,124,false
2026-04-03T16:41:56.835219-04:00,write,key2,610.908,111,false
2026-04-03T16:41:56.837845-04:00,write,key8,608.349,151,false
2026-04-03T16:41:56.834389-04:00,write,key2,611.734,110,false
2026-04-03T16:41:56.835171-04:00,write,key1,611.285,125,false
2026-04-03T16:41:56.839219-04:00,write,key7,607.335,135,false
2026-04-03T16:41:57.446212-04:00,read,key0,2.829,138,false
2026-04-03T16:41:56.839544-04:00,write,key5,609.573,142,false
2026-04-03T16:41:57.446482-04:00,read,key1,2.688,122,true
2026-04-03T16:41:57.446573-04:00,read,key6,2.731,129,false
2026-04-03T16:41:57.446172-04:00,read,key7,3.186,136,false
2026-04-03T16:41:57.449153-04:00,read,key5,1.999,141,true
2026-04-03T16:41:57.44932-04:00,read,key5,1.886,140,true
2026-04-03T16:41:56.844648-04:00,write,key7,606.861,136,false
2026-04-03T16:41:57.451179-04:00,read,key9,2.115,136,true
2026-04-03T16:41:57.451527-04:00,read,key8,1.958,151,false
2026-04-03T16:41:57.341667-04:00,write,key1,614.695,126,false
2026-04-03T16:41:57.345849-04:00,write,key4,610.512,151,false
2026-04-03T16:41:57.956459-04:00,read,key4,1.820,153,false
2026-04-03T16:41:57.449187-04:00,write,key3,610.440,152,false
2026-04-03T16:41:57.446266-04:00,write,key6,613.629,130,false
2026-04-03T16:41:57.449086-04:00,write,key0,610.811,139,false
2026-04-03T16:41:57.451233-04:00,write,key7,608.693,137,false
2026-04-03T16:41:57.446267-04:00,write,key4,614.067,152,false
2026-04-03T16:41:57.449387-04:00,write,key8,613.743,152,false
2026-04-03T16:41:57.453328-04:00,write,key4,609.853,153,false
2026-04-03T16:41:58.060033-04:00,read,key0,3.211,138,true
2026-04-03T16:41:58.063258-04:00,read,key8,1.622,152,false
2026-04-03T16:41:58.063201-04:00,read,key0,1.725,138,true
2026-04-03T16:41:57.453503-04:00,write,key6,611.574,131,false
2026-04-03T16:41:58.065093-04:00,read,key7,3.261,136,true
2026-04-03T16:41:58.068382-04:00,read,key3,1.103,152,false
2026-04-03T16:41:57.956512-04:00,write,key4,615.775,154,false
2026-04-03T16:41:57.958332-04:00,write,key7,613.955,138,false
2026-04-03T16:41:58.572373-04:00,read,key7,2.444,137,true
2026-04-03T16:41:58.574865-04:00,read,key1,1.163,126,false
2026-04-03T16:41:58.064948-04:00,write,key6,621.913,132,false
2026-04-03T16:41:58.059909-04:00,write,key1,626.972,127,false
2026-04-03T16:41:58.060003-04:00,write,key9,626.933,139,false
2026-04-03T16:41:58.059936-04:00,write,key7,627.153,139,false
2026-04-03T16:41:58.063197-04:00,write,key9,623.764,138,false
2026-04-03T16:41:58.064924-04:00,write,key2,621.938,112,false
2026-04-03T16:41:58.06952-04:00,write,key7,617.907,140,false
2026-04-03T16:41:58.060381-04:00,write,key0,627.093,140,false
2026-04-03T16:41:58.687487-04:00,read,key5,3.206,142,false
2026-04-03T16:41:58.687118-04:00,read,key1,3.632,126,true
2026-04-03T16:41:58.687033-04:00,read,key5,3.722,142,false
2026-04-03T16:41:58.686925-04:00,read,key1,3.862,127,false
2026-04-03T16:41:58.69077-04:00,read,key0,1.598,139,true
2026-04-03T16:41:58.690805-04:00,read,key9,1.610,138,true
2026-04-03T16:41:58.572393-04:00,write,key9,619.281,140,false
2026-04-03T16:41:58.576063-04:00,write,key3,615.611,153,false
2026-04-03T16:41:59.191763-04:00,read,key3,1.969,152,true
2026-04-03T16:41:59.193787-04:00,read,key9,1.837,138,true
2026-04-03T16:41:58.687445-04:00,write,key7,607.152,141,false
2026-04-03T16:41:58.687203-04:00,write,key1,607.455,128,false
2026-04-03T16:41:59.29465-04:00,read,key7,1.650,140,true
2026-04-03T16:41:59.296325-04:00,read,key0,1.018,140,false
2026-04-03T16:41:58.687048-04:00,write,key2,618.566,113,false
2026-04-03T16:41:58.687126-04:00,write,key1,618.499,129,false
2026-04-03T16:41:59.305646-04:00,read,key9,5.214,140,false
2026-04-03T16:41:58.692437-04:00,write,key7,618.457,143,false
2026-04-03T16:41:58.692401-04:00,write,key2,618.694,114,false
2026-04-03T16:41:58.690773-04:00,write,key7,620.822,142,false
2026-04-03T16:41:58.690735-04:00,write,key8,620.880,153,false
2026-04-03T16:41:59.311104-04:00,read,key7,0.606,143,false
2026-04-03T16:41:59.311629-04:00,read,key1,0.664,129,false
2026-04-03T16:41:59.31172-04:00,read,key0,0.606,140,false
2026-04-03T16:41:59.195696-04:00,write,key4,609.467,155,false
2026-04-03T16:41:59.191782-04:00,write,key8,613.499,154,false
2026-04-03T16:41:59.805326-04:00,read,key7,1.394,144,false
2026-04-03T16:41:59.806763-04:00,read,key3,0.940,154,false
2026-04-03T16:41:59.807726-04:00,read,key1,1.039,129,false
2026-04-03T16:41:59.808785-04:00,read,key9,1.037,140,false
2026-04-03T16:41:59.294716-04:00,write,key2,613.458,115,false
2026-04-03T16:41:59.29737-04:00,write,key7,610.803,144,false
2026-04-03T16:41:59.311614-04:00,write,key0,612.936,141,false
2026-04-03T16:41:59.305649-04:00,write,key1,619.191,130,false
2026-04-03T16:41:59.312337-04:00,write,key9,612.751,141,false
2026-04-03T16:41:59.310889-04:00,write,key6,614.273,133,false
2026-04-03T16:41:59.312315-04:00,write,key6,612.877,134,false
2026-04-03T16:41:59.310906-04:00,write,key3,614.301,154,false
2026-04-03T16:41:59.92518-04:00,read,key3,2.576,155,false
2026-04-03T16:41:59.924869-04:00,read,key9,3.637,140,true
2026-04-03T16:41:59.927789-04:00,read,key0,2.041,140,true
2026-04-03T16:41:59.805263-04:00,write,key3,611.451,155,false
2026-04-03T16:41:59.809855-04:00,write,key8,606.966,155,false
2026-04-03T16:41:59.908241-04:00,write,key0,614.733,142,false
2026-04-03T16:41:59.908241-04:00,write,key7,614.733,145,false
2026-04-03T16:42:00.523047-04:00,read,key4,1.681,157,false
2026-04-03T16:41:59.925276-04:00,write,key4,607.383,156,false
2026-04-03T16:42:00.532697-04:00,read,key3,1.956,155,false
2026-04-03T16:41:59.925273-04:00,write,key2,616.557,117,false
2026-04-03T16:41:59.929857-04:00,write,key5,612.029,143,false
2026-04-03T16:41:59.925128-04:00,write,key2,616.824,116,false
2026-04-03T16:41:59.92462-04:00,write,key7,617.329,146,false
2026-04-03T16:41:59.928534-04:00,write,key4,613.794,157,false
2026-04-03T16:42:00.542033-04:00,read,key6,2.466,134,false
2026-04-03T16:42:00.542035-04:00,read,key9,2.527,141,false
2026-04-03T16:42:00.541872-04:00,read,key8,2.718,154,true
2026-04-03T16:42:00.544526-04:00,read,key3,1.564,154,true
2026-04-03T16:42:00.544605-04:00,read,key8,1.526,154,true
2026-04-03T16:42:00.546117-04:00,read,key3,1.609,155,false
2026-04-03T16:42:00.416875-04:00,write,key0,615.266,143,false
2026-04-03T16:42:00.416874-04:00,write,key5,615.266,144,false
2026-04-03T16:42:01.032251-04:00,read,key3,1.704,155,false
2026-04-03T16:42:01.032229-04:00,read,key5,1.873,143,true
2026-04-03T16:42:01.033994-04:00,read,key1,1.095,130,false
2026-04-03T16:42:01.034123-04:00,read,key9,1.224,143,false
2026-04-03T16:42:00.524796-04:00,write,key5,610.798,146,false
2026-04-03T16:42:00.523066-04:00,write,key5,612.593,145,false
2026-04-03T16:42:00.534699-04:00,write,key9,607.182,142,false
2026-04-03T16:42:00.54459-04:00,write,key5,606.290,147,false
2026-04-03T16:42:00.542362-04:00,write,key2,608.593,118,false
2026-04-03T16:42:00.541932-04:00,write,key9,609.035,143,false
2026-04-03T16:42:01.150984-04:00,read,key8,1.654,155,false
2026-04-03T16:42:00.546154-04:00,write,key5,608.422,148,false
2026-04-03T16:42:00.547751-04:00,write,key4,606.889,158,false
2026-04-03T16:42:01.154599-04:00,read,key5,1.456,148,false
2026-04-03T16:42:01.156081-04:00,read,key3,1.350,155,false
2026-04-03T16:42:01.157453-04:00,read,key6,0.890,133,true
2026-04-03T16:42:01.158358-04:00,read,key1,0.896,130,false
2026-04-03T16:42:01.035136-04:00,write,key4,616.808,159,false
2026-04-03T16:42:01.035376-04:00,write,key2,616.567,119,false
2026-04-03T16:42:01.652034-04:00,read,key4,1.537,159,false
2026-04-03T16:42:01.653606-04:00,read,key6,0.878,133,true
2026-04-03T16:42:01.135699-04:00,write,key5,617.356,149,false
2026-04-03T16:42:01.135668-04:00,write,key2,617.454,120,false
2026-04-03T16:42:01.141929-04:00,write,key3,611.252,156,false
2026-04-03T16:42:01.753138-04:00,read,key6,2.973,133,true
2026-04-03T16:42:01.756142-04:00,read,key4,0.580,158,true
2026-04-03T16:42:01.150924-04:00,write,key0,610.411,144,false
2026-04-03T16:42:01.152671-04:00,write,key0,608.685,145,false
2026-04-03T16:42:01.154664-04:00,write,key9,606.740,144,false
2026-04-03T16:42:01.150998-04:00,write,key8,610.407,156,false
2026-04-03T16:42:01.761412-04:00,read,key0,1.034,143,true
2026-04-03T16:42:01.761416-04:00,read,key3,1.311,156,false
2026-04-03T16:42:01.159273-04:00,write,key9,606.073,145,false
2026-04-03T16:42:01.765364-04:00,read,key1,0.557,130,false
2026-04-03T16:42:01.76593-04:00,read,key2,0.493,120,false
2026-04-03T16:42:01.766434-04:00,read,key7,0.403,147,false
2026-04-03T16:42:01.652044-04:00,write,key5,617.983,150,false
2026-04-03T16:42:01.654515-04:00,write,key7,615.511,147,false
2026-04-03T16:42:01.753178-04:00,write,key1,616.084,131,false
2026-04-03T16:42:01.75674-04:00,write,key1,612.522,132,false
2026-04-03T16:42:01.762745-04:00,write,key7,607.897,149,false
2026-04-03T16:42:01.761352-04:00,write,key0,609.375,146,false
2026-04-03T16:42:01.761369-04:00,write,key2,609.353,121,false
2026-04-03T16:42:01.76685-04:00,write,key1,603.964,133,false
2026-04-03T16:42:01.762473-04:00,write,key7,608.736,148,false
2026-04-03T16:42:01.753253-04:00,write,key5,618.024,151,false
